date,contract,oi,traders,CL,CS,NL,NS,trCL,trCS,trNL,trNS,c4L,c4S,c8L,c8S,comm_gross,nonc_gross,comm_net,nonc_net,bf_per_contract,oi_bf,CL_bf,CS_bf,NL_bf,NS_bf,comm_gross_bf,nonc_gross_bf,comm_net_bf,nonc_net_bf,y,m
2021-01-05,RANDOM LENGTH LUMBER,2874,38,803,2041,855,299,7,12,14,7,30.0,49.9,41.3,64.5,2844,1154,-1238,556,110000,316140000,88330000,224510000,94050000,32890000,312840000,126940000,-136180000,61160000,2021,1
2021-01-12,RANDOM LENGTH LUMBER,2723,36,744,1905,960,268,9,12,12,6,29.9,52.9,43.3,64.4,2649,1228,-1161,692,110000,299530000,81840000,209550000,105600000,29480000,291390000,135080000,-127710000,76120000,2021,1
2021-01-19,RANDOM LENGTH LUMBER,2699,36,707,1929,941,270,9,12,11,6,28.2,53.2,42.5,65.0,2636,1211,-1222,671,110000,296890000,77770000,212190000,103510000,29700000,289960000,133210000,-134420000,73810000,2021,1
2021-01-26,RANDOM LENGTH LUMBER,2773,36,888,1969,868,278,11,14,11,6,33.5,49.7,44.8,65.7,2857,1146,-1081,590,110000,305030000,97680000,216590000,95480000,30580000,314270000,126060000,-118910000,64900000,2021,1
2021-02-02,RANDOM LENGTH LUMBER,2786,41,891,1838,916,305,10,13,14,7,32.4,44.4,43.6,60.6,2729,1221,-947,611,110000,306460000,98010000,202180000,100760000,33550000,300190000,134310000,-104170000,67210000,2021,2
2021-02-09,RANDOM LENGTH LUMBER,2805,39,959,1916,904,279,11,13,14,6,34.6,46.9,45.2,63.3,2875,1183,-957,625,110000,308550000,105490000,210760000,99440000,30690000,316250000,130130000,-105270000,68750000,2021,2
2021-02-16,RANDOM LENGTH LUMBER,3170,45,1213,2234,936,354,13,16,14,9,35.2,48.3,44.8,62.3,3447,1290,-1021,582,110000,348700000,133430000,245740000,102960000,38940000,379170000,141900000,-112310000,64020000,2021,2
2021-02-23,RANDOM LENGTH LUMBER,3293,46,1359,2293,847,380,14,14,12,9,35.6,50.5,45.2,63.4,3652,1227,-934,467,110000,362230000,149490000,252230000,93170000,41800000,401720000,134970000,-102740000,51370000,2021,2
2021-03-02,RANDOM LENGTH LUMBER,3134,38,1322,2188,698,264,11,14,9,9,40.7,52.8,49.9,64.9,3510,962,-866,434,110000,344740000,145420000,240680000,76780000,29040000,386100000,105820000,-95260000,47740000,2021,3
2021-03-09,RANDOM LENGTH LUMBER,3056,42,1324,2163,687,293,13,14,11,9,38.3,52.5,48.0,64.6,3487,980,-839,394,110000,336160000,145640000,237930000,75570000,32230000,383570000,107800000,-92290000,43340000,2021,3
2021-03-16,RANDOM LENGTH LUMBER,3059,41,1259,2161,664,237,12,14,11,8,37.8,51.9,48.6,64.0,3420,901,-902,427,110000,336490000,138490000,237710000,73040000,26070000,376200000,99110000,-99220000,46970000,2021,3
2021-03-23,RANDOM LENGTH LUMBER,3091,43,1243,2202,726,253,13,13,13,7,33.8,52.6,42.9,66.0,3445,979,-959,473,110000,340010000,136730000,242220000,79860000,27830000,378950000,107690000,-105490000,52030000,2021,3
2021-03-30,RANDOM LENGTH LUMBER,3116,45,1332,2242,662,333,14,14,13,8,31.6,52.1,41.8,65.8,3574,995,-910,329,110000,342760000,146520000,246620000,72820000,36630000,393140000,109450000,-100100000,36190000,2021,3
2021-04-06,RANDOM LENGTH LUMBER,2980,41,1073,2183,677,245,12,12,13,6,27.7,54.1,37.8,67.8,3256,922,-1110,432,110000,327800000,118030000,240130000,74470000,26950000,358160000,101420000,-122100000,47520000,2021,4
2021-04-13,RANDOM LENGTH LUMBER,2814,35,1089,2050,560,130,13,13,11,3,27.6,52.1,38.2,65.0,3139,690,-961,430,110000,309540000,119790000,225500000,61600000,14300000,345290000,75900000,-105710000,47300000,2021,4
2021-04-20,RANDOM LENGTH LUMBER,2824,39,1132,1921,509,262,15,15,11,5,25.5,44.9,35.2,58.0,3053,771,-789,247,110000,310640000,124520000,211310000,55990000,28820000,335830000,84810000,-86790000,27170000,2021,4
2021-04-27,RANDOM LENGTH LUMBER,2684,36,1069,1622,393,308,14,15,9,6,27.3,37.4,37.9,50.6,2691,701,-553,85,110000,295240000,117590000,178420000,43230000,33880000,296010000,77110000,-60830000,9350000,2021,4
2021-05-04,RANDOM LENGTH LUMBER,2539,37,973,1384,409,259,15,14,9,7,27.1,34.1,35.0,47.1,2357,668,-411,150,110000,279290000,107030000,152240000,44990000,28490000,259270000,73480000,-45210000,16500000,2021,5
2021-05-11,RANDOM LENGTH LUMBER,2230,34,757,961,331,295,12,12,8,8,27.5,24.4,36.6,37.3,1718,626,-204,36,110000,245300000,83270000,105710000,36410000,32450000,188980000,68860000,-22440000,3960000,2021,5
2021-05-18,RANDOM LENGTH LUMBER,2211,31,945,1016,257,274,11,12,7,6,34.5,27.4,44.0,42.6,1961,531,-71,-17,110000,243210000,103950000,111760000,28270000,30140000,215710000,58410000,-7810000,-1870000,2021,5
2021-05-25,RANDOM LENGTH LUMBER,2168,29,922,1006,234,224,11,12,5,6,38.1,29.2,47.7,41.5,1928,458,-84,10,110000,238480000,101420000,110660000,25740000,24640000,212080000,50380000,-9240000,1100000,2021,5
2021-06-01,RANDOM LENGTH LUMBER,2259,29,996,999,251,278,11,12,5,6,36.5,28.8,46.7,42.1,1995,529,-3,-27,110000,248490000,109560000,109890000,27610000,30580000,219450000,58190000,-330000,-2970000,2021,6
2021-06-08,RANDOM LENGTH LUMBER,2268,30,870,1064,291,248,11,12,6,5,32.9,30.4,42.4,43.0,1934,539,-194,43,110000,249480000,95700000,117040000,32010000,27280000,212740000,59290000,-21340000,4730000,2021,6
2021-06-15,RANDOM LENGTH LUMBER,2329,32,934,1178,303,248,12,15,6,5,30.5,30.2,43.7,43.4,2112,551,-244,55,110000,256190000,102740000,129580000,33330000,27280000,232320000,60610000,-26840000,6050000,2021,6
2021-06-22,RANDOM LENGTH LUMBER,2067,31,797,969,290,246,12,15,6,4,32.2,29.0,43.0,41.9,1766,536,-172,44,110000,227370000,87670000,106590000,31900000,27060000,194260000,58960000,-18920000,4840000,2021,6
2021-06-29,RANDOM LENGTH LUMBER,2128,29,829,1107,367,162,11,13,9,3,31.3,32.5,43.3,48.0,1936,529,-278,205,110000,234080000,91190000,121770000,40370000,17820000,212960000,58190000,-30580000,22550000,2021,6
2021-07-06,RANDOM LENGTH LUMBER,2236,30,777,1264,333,123,9,11,9,6,27.6,38.1,39.0,52.8,2041,456,-487,210,110000,245960000,85470000,139040000,36630000,13530000,224510000,50160000,-53570000,23100000,2021,7
2021-07-13,RANDOM LENGTH LUMBER,2181,32,771,1017,298,278,8,12,8,7,29.4,29.8,41.1,46.4,1788,576,-246,20,110000,239910000,84810000,111870000,32780000,30580000,196680000,63360000,-27060000,2200000,2021,7
2021-07-20,RANDOM LENGTH LUMBER,2286,38,695,1190,341,331,9,17,7,8,24.0,29.7,37.1,43.6,1885,672,-495,10,110000,251460000,76450000,130900000,37510000,36410000,207350000,73920000,-54450000,1100000,2021,7
2021-07-27,RANDOM LENGTH LUMBER,2126,34,783,1059,235,215,10,12,5,8,26.1,32.5,37.7,44.5,1842,450,-276,20,110000,233860000,86130000,116490000,25850000,23650000,202620000,49500000,-30360000,2200000,2021,7
2021-08-03,RANDOM LENGTH LUMBER,2306,36,893,1127,330,295,12,14,7,7,27.1,31.4,38.5,42.9,2020,625,-234,35,110000,253660000,98230000,123970000,36300000,32450000,222200000,68750000,-25740000,3850000,2021,8
2021-08-10,RANDOM LENGTH LUMBER,2461,39,959,1200,419,333,13,16,7,8,26.2,27.1,38.4,38.5,2159,752,-241,86,110000,270710000,105490000,132000000,46090000,36630000,237490000,82720000,-26510000,9460000,2021,8
2021-08-17,RANDOM LENGTH LUMBER,2600,42,972,1185,442,396,15,15,8,9,23.8,25.0,36.3,36.0,2157,838,-213,46,110000,286000000,106920000,130350000,48620000,43560000,237270000,92180000,-23430000,5060000,2021,8
2021-08-24,RANDOM LENGTH LUMBER,2489,42,910,1220,407,347,14,17,8,8,24.7,24.4,36.3,37.1,2130,754,-310,60,110000,273790000,100100000,134200000,44770000,38170000,234300000,82940000,-34100000,6600000,2021,8
2021-08-31,RANDOM LENGTH LUMBER,2236,37,675,1031,355,352,12,14,8,8,23.0,25.0,35.0,37.0,1706,707,-356,3,110000,245960000,74250000,113410000,39050000,38720000,187660000,77770000,-39160000,330000,2021,8
2021-09-07,RANDOM LENGTH LUMBER,1929,37,687,924,337,305,14,15,8,8,26.1,24.5,39.4,38.7,1611,642,-237,32,110000,212190000,75570000,101640000,37070000,33550000,177210000,70620000,-26070000,3520000,2021,9
2021-09-14,RANDOM LENGTH LUMBER,1756,36,652,835,370,282,12,15,8,7,29.7,23.6,46.2,37.0,1487,652,-183,88,110000,193160000,71720000,91850000,40700000,31020000,163570000,71720000,-20130000,9680000,2021,9
2021-09-21,RANDOM LENGTH LUMBER,1682,35,627,812,387,256,12,13,9,6,30.3,27.3,46.3,43.4,1439,643,-185,131,110000,185020000,68970000,89320000,42570000,28160000,158290000,70730000,-20350000,14410000,2021,9
2021-09-28,RANDOM LENGTH LUMBER,1755,33,647,903,364,226,12,13,8,5,30.0,32.0,45.5,47.7,1550,590,-256,138,110000,193050000,71170000,99330000,40040000,24860000,170500000,64900000,-28160000,15180000,2021,9
2021-10-05,RANDOM LENGTH LUMBER,1780,33,650,932,336,228,12,14,8,5,28.8,32.4,42.6,47.0,1582,564,-282,108,110000,195800000,71500000,102520000,36960000,25080000,174020000,62040000,-31020000,11880000,2021,10
2021-10-12,RANDOM LENGTH LUMBER,1992,33,601,1147,479,193,11,14,10,4,27.6,34.8,40.6,50.2,1748,672,-546,286,110000,219120000,66110000,126170000,52690000,21230000,192280000,73920000,-60060000,31460000,2021,10
2021-10-19,RANDOM LENGTH LUMBER,2039,34,581,1188,557,191,12,12,11,4,24.6,36.7,38.4,52.9,1769,748,-607,366,110000,224290000,63910000,130680000,61270000,21010000,194590000,82280000,-66770000,40260000,2021,10
2021-10-26,RANDOM LENGTH LUMBER,1857,34,579,1089,536,248,11,11,10,5,25.6,39.2,41.2,54.8,1668,784,-510,288,110000,204270000,63690000,119790000,58960000,27280000,183480000,86240000,-56100000,31680000,2021,10
2021-11-02,RANDOM LENGTH LUMBER,1674,29,540,941,393,222,11,10,7,5,32.1,38.2,43.8,52.4,1481,615,-401,171,110000,184140000,59400000,103510000,43230000,24420000,162910000,67650000,-44110000,18810000,2021,11
2021-11-09,RANDOM LENGTH LUMBER,1600,28,542,878,398,242,9,10,7,6,35.4,39.2,48.0,54.2,1420,640,-336,156,110000,176000000,59620000,96580000,43780000,26620000,156200000,70400000,-36960000,17160000,2021,11
2021-11-16,RANDOM LENGTH LUMBER,1619,27,617,829,395,262,9,9,8,5,35.1,38.7,49.6,54.1,1446,657,-212,133,110000,178090000,67870000,91190000,43450000,28820000,159060000,72270000,-23320000,14630000,2021,11
2021-11-23,RANDOM LENGTH LUMBER,1751,32,580,870,438,270,11,9,10,6,30.5,36.6,42.5,51.9,1450,708,-290,168,110000,192610000,63800000,95700000,48180000,29700000,159500000,77880000,-31900000,18480000,2021,11
2021-11-30,RANDOM LENGTH LUMBER,1971,35,631,1124,412,333,11,14,8,8,27.0,32.5,38.8,49.2,1755,745,-493,79,110000,216810000,69410000,123640000,45320000,36630000,193050000,81950000,-54230000,8690000,2021,11
2021-12-07,RANDOM LENGTH LUMBER,2156,38,708,1259,584,405,12,14,11,8,24.3,31.7,36.9,49.4,1967,989,-551,179,110000,237160000,77880000,138490000,64240000,44550000,216370000,108790000,-60610000,19690000,2021,12
2021-12-14,RANDOM LENGTH LUMBER,2240,39,793,1278,524,333,15,15,9,7,24.6,29.5,38.1,44.0,2071,857,-485,191,110000,246400000,87230000,140580000,57640000,36630000,227810000,94270000,-53350000,21010000,2021,12
2021-12-21,RANDOM LENGTH LUMBER,2346,38,773,1175,663,380,13,15,9,8,27.9,28.2,42.0,42.0,1948,1043,-402,283,110000,258060000,85030000,129250000,72930000,41800000,214280000,114730000,-44220000,31130000,2021,12
2021-12-28,RANDOM LENGTH LUMBER,2356,38,718,1182,708,444,11,14,11,8,28.4,28.8,41.8,42.7,1900,1152,-464,264,110000,259160000,78980000,130020000,77880000,48840000,209000000,126720000,-51040000,29040000,2021,12
2022-01-04,RANDOM LENGTH LUMBER,2349,36,652,1239,791,335,9,13,12,7,29.2,29.0,45.5,44.1,1891,1126,-587,456,110000,258390000,71720000,136290000,87010000,36850000,208010000,123860000,-64570000,50160000,2022,1
2022-01-11,RANDOM LENGTH LUMBER,2504,33,696,1280,728,315,10,12,10,6,25.3,31.9,39.7,46.0,1976,1043,-584,413,110000,275440000,76560000,140800000,80080000,34650000,217360000,114730000,-64240000,45430000,2022,1
2022-01-18,RANDOM LENGTH LUMBER,2543,38,769,1352,806,315,13,13,11,6,26.3,32.8,38.5,47.0,2121,1121,-583,491,110000,279730000,84590000,148720000,88660000,34650000,233310000,123310000,-64130000,54010000,2022,1
2022-01-25,RANDOM LENGTH LUMBER,2478,39,681,1314,855,325,14,15,13,6,25.7,33.7,37.9,47.5,1995,1180,-633,530,110000,272580000,74910000,144540000,94050000,35750000,219450000,129800000,-69630000,58300000,2022,1
2022-02-01,RANDOM LENGTH LUMBER,2372,32,772,1340,617,275,11,13,9,5,27.4,35.7,42.5,50.2,2112,892,-568,342,110000,260920000,84920000,147400000,67870000,30250000,232320000,98120000,-62480000,37620000,2022,2
2022-02-08,RANDOM LENGTH LUMBER,2435,33,833,1320,514,386,11,13,9,6,28.2,35.2,41.2,51.1,2153,900,-487,128,110000,267850000,91630000,145200000,56540000,42460000,236830000,99000000,-53570000,14080000,2022,2
2022-02-15,RANDOM LENGTH LUMBER,2659,34,1000,1353,641,420,13,12,9,8,30.8,34.7,44.9,49.2,2353,1061,-353,221,110000,292490000,110000000,148830000,70510000,46200000,258830000,116710000,-38830000,24310000,2022,2
2022-02-22,RANDOM LENGTH LUMBER,2794,35,1064,1464,680,446,13,14,9,7,29.0,33.1,45.2,47.5,2528,1126,-400,234,110000,307340000,117040000,161040000,74800000,49060000,278080000,123860000,-44000000,25740000,2022,2
2022-03-01,RANDOM LENGTH LUMBER,2676,31,858,1386,677,363,9,12,9,7,28.3,32.2,45.6,48.7,2244,1040,-528,314,110000,294360000,94380000,152460000,74470000,39930000,246840000,114400000,-58080000,34540000,2022,3
2022-03-08,RANDOM LENGTH LUMBER,2429,34,811,1304,797,378,11,12,10,7,29.2,33.6,48.0,49.9,2115,1175,-493,419,110000,267190000,89210000,143440000,87670000,41580000,232650000,129250000,-54230000,46090000,2022,3
2022-03-15,RANDOM LENGTH LUMBER,2423,33,925,1369,720,387,13,11,9,7,28.8,40.9,48.5,58.1,2294,1107,-444,333,110000,266530000,101750000,150590000,79200000,42570000,252340000,121770000,-48840000,36630000,2022,3
2022-03-22,RANDOM LENGTH LUMBER,2591,32,979,1505,724,398,12,11,8,7,28.4,42.1,45.3,59.5,2484,1122,-526,326,110000,285010000,107690000,165550000,79640000,43780000,273240000,123420000,-57860000,35860000,2022,3
2022-03-29,RANDOM LENGTH LUMBER,2693,33,1095,1664,704,398,13,12,8,7,28.6,46.0,45.2,62.7,2759,1102,-569,306,110000,296230000,120450000,183040000,77440000,43780000,303490000,121220000,-62590000,33660000,2022,3
2022-04-05,RANDOM LENGTH LUMBER,2707,32,1090,1657,678,393,12,11,8,7,29.5,45.8,45.1,62.1,2747,1071,-567,285,110000,297770000,119900000,182270000,74580000,43230000,302170000,117810000,-62370000,31350000,2022,4
2022-04-12,RANDOM LENGTH LUMBER,2764,33,1335,1717,589,418,13,11,8,7,32.7,46.3,50.1,63.1,3052,1007,-382,171,110000,304040000,146850000,188870000,64790000,45980000,335720000,110770000,-42020000,18810000,2022,4
2022-04-19,RANDOM LENGTH LUMBER,2803,31,1450,1751,534,429,13,10,7,7,34.7,48.3,51.8,65.1,3201,963,-301,105,110000,308330000,159500000,192610000,58740000,47190000,352110000,105930000,-33110000,11550000,2022,4
2022-04-26,RANDOM LENGTH LUMBER,2781,30,1430,1694,515,393,13,10,7,6,36.4,50.3,51.2,65.0,3124,908,-264,122,110000,305910000,157300000,186340000,56650000,43230000,343640000,99880000,-29040000,13420000,2022,4
2022-05-03,RANDOM LENGTH LUMBER,2662,32,1331,1631,603,365,15,11,8,5,37.1,47.8,51.9,62.0,2962,968,-300,238,110000,292820000,146410000,179410000,66330000,40150000,325820000,106480000,-33000000,26180000,2022,5
2022-05-10,RANDOM LENGTH LUMBER,2418,32,1238,1418,475,397,13,13,5,8,38.0,42.8,54.3,58.0,2656,872,-180,78,110000,265980000,136180000,155980000,52250000,43670000,292160000,95920000,-19800000,8580000,2022,5
2022-05-17,RANDOM LENGTH LUMBER,2278,33,1223,1203,452,416,11,12,5,10,41.8,39.7,59.3,52.8,2426,868,20,36,110000,250580000,134530000,132330000,49720000,45760000,266860000,95480000,2200000,3960000,2022,5
2022-05-24,RANDOM LENGTH LUMBER,2327,35,1310,1092,419,574,11,12,6,11,42.8,35.2,61.3,48.6,2402,993,218,-155,110000,255970000,144100000,120120000,46090000,63140000,264220000,109230000,23980000,-17050000,2022,5
2022-05-31,RANDOM LENGTH LUMBER,2230,36,1087,925,425,600,11,13,6,12,37.9,29.2,56.9,42.6,2012,1025,162,-175,110000,245300000,119570000,101750000,46750000,66000000,221320000,112750000,17820000,-19250000,2022,5
2022-06-07,RANDOM LENGTH LUMBER,2277,35,936,784,441,573,11,11,6,13,37.1,24.4,52.1,37.4,1720,1014,152,-132,110000,250470000,102960000,86240000,48510000,63030000,189200000,111540000,16720000,-14520000,2022,6
2022-06-14,RANDOM LENGTH LUMBER,2326,35,966,837,408,566,12,12,6,11,36.8,24.4,51.2,37.3,1803,974,129,-158,110000,255860000,106260000,92070000,44880000,62260000,198330000,107140000,14190000,-17380000,2022,6
2022-06-21,RANDOM LENGTH LUMBER,2385,34,1109,896,421,742,14,14,6,11,38.2,30.8,52.7,44.9,2005,1163,213,-321,110000,262350000,121990000,98560000,46310000,81620000,220550000,127930000,23430000,-35310000,2022,6
2022-06-28,RANDOM LENGTH LUMBER,2420,39,1142,905,442,788,13,15,6,13,42.7,27.8,56.6,42.0,2047,1230,237,-346,110000,266200000,125620000,99550000,48620000,86680000,225170000,135300000,26070000,-38060000,2022,6
2022-07-05,RANDOM LENGTH LUMBER,2215,32,1026,940,488,635,10,11,5,11,45.2,33.3,62.0,48.1,1966,1123,86,-147,110000,243650000,112860000,103400000,53680000,69850000,216260000,123530000,9460000,-16170000,2022,7
2022-07-12,RANDOM LENGTH LUMBER,2027,28,822,873,504,419,10,11,6,7,41.5,29.2,59.0,46.2,1695,923,-51,85,110000,222970000,90420000,96030000,55440000,46090000,186450000,101530000,-5610000,9350000,2022,7
2022-07-19,RANDOM LENGTH LUMBER,1887,30,753,668,470,435,9,12,6,7,41.5,24.3,58.3,39.9,1421,905,85,35,110000,207570000,82830000,73480000,51700000,47850000,156310000,99550000,9350000,3850000,2022,7
2022-07-26,RANDOM LENGTH LUMBER,1915,34,843,387,449,692,10,8,7,11,42.5,22.8,57.8,35.1,1230,1141,456,-243,110000,210650000,92730000,42570000,49390000,76120000,135300000,125510000,50160000,-26730000,2022,7
2022-08-02,RANDOM LENGTH LUMBER,2338,34,1033,224,338,1112,10,5,7,15,38.9,26.6,53.3,39.6,1257,1450,809,-774,110000,257180000,113630000,24640000,37180000,122320000,138270000,159500000,88990000,-85140000,2022,8
2022-08-09,RANDOM LENGTH LUMBER,2702,39,1310,241,275,1429,12,9,5,17,38.9,30.8,53.7,44.3,1551,1704,1069,-1154,110000,297220000,144100000,26510000,30250000,157190000,170610000,187440000,117590000,-126940000,2022,8
2022-08-16,RANDOM LENGTH LUMBER,2315,36,1115,296,289,1167,15,11,3,16,36.1,33.2,50.3,44.1,1411,1456,819,-878,110000,254650000,122650000,32560000,31790000,128370000,155210000,160160000,90090000,-96580000,2022,8
2022-08-23,RANDOM LENGTH LUMBER,2342,37,1093,218,344,1430,13,9,7,15,33.7,37.3,49.1,50.6,1311,1774,875,-1086,110000,257620000,120230000,23980000,37840000,157300000,144210000,195140000,96250000,-119460000,2022,8
2022-08-30,RANDOM LENGTH LUMBER,2376,32,1084,134,326,1594,11,5,5,15,37.9,41.6,51.7,56.1,1218,1920,950,-1268,110000,261360000,119240000,14740000,35860000,175340000,133980000,211200000,104500000,-139480000,2022,8
2022-09-06,RANDOM LENGTH LUMBER,2542,36,1283,102,375,1664,12,4,5,16,38.2,39.9,52.3,53.5,1385,2039,1181,-1289,110000,279620000,141130000,11220000,41250000,183040000,152350000,224290000,129910000,-141790000,2022,9
2022-09-13,RANDOM LENGTH LUMBER,2177,37,1078,256,396,1446,12,7,5,17,40.6,42.7,54.3,56.0,1334,1842,822,-1050,110000,239470000,118580000,28160000,43560000,159060000,146740000,202620000,90420000,-115500000,2022,9
2022-09-20,RANDOM LENGTH LUMBER,2179,36,1064,237,405,1361,11,8,5,17,40.6,39.1,53.6,51.2,1301,1766,827,-956,110000,239690000,117040000,26070000,44550000,149710000,143110000,194260000,90970000,-105160000,2022,9
2022-09-27,RANDOM LENGTH LUMBER,2611,35,1221,124,487,1704,12,8,6,15,39.7,38.1,54.9,53.2,1345,2191,1097,-1217,110000,287210000,134310000,13640000,53570000,187440000,147950000,241010000,120670000,-133870000,2022,9
2022-10-04,RANDOM LENGTH LUMBER,2934,39,1382,179,313,1758,14,10,8,13,36.6,38.2,49.0,54.2,1561,2071,1203,-1445,110000,322740000,152020000,19690000,34430000,193380000,171710000,227810000,132330000,-158950000,2022,10
2022-10-11,RANDOM LENGTH LUMBER,2813,37,1384,228,286,1647,14,10,7,14,38.5,37.6,51.2,52.8,1612,1933,1156,-1361,110000,309430000,152240000,25080000,31460000,181170000,177320000,212630000,127160000,-149710000,2022,10
2022-10-18,RANDOM LENGTH LUMBER,2500,38,1188,369,381,1291,14,14,6,13,40.1,36.0,52.2,48.7,1557,1672,819,-910,110000,275000000,130680000,40590000,41910000,142010000,171270000,183920000,90090000,-100100000,2022,10
2022-10-25,RANDOM LENGTH LUMBER,2258,35,971,613,651,924,14,15,8,9,39.7,35.3,53.7,49.3,1584,1575,358,-273,110000,248380000,106810000,67430000,71610000,101640000,174240000,173250000,39380000,-30030000,2022,10
2022-11-01,RANDOM LENGTH LUMBER,1923,23,821,281,409,800,10,8,5,7,37.7,37.8,52.6,50.8,1102,1209,540,-391,110000,211530000,90310000,30910000,44990000,88000000,121220000,132990000,59400000,-43010000,2022,11
2022-11-08,RANDOM LENGTH LUMBER,2067,31,915,106,272,1328,11,7,4,15,35.6,39.2,47.7,53.3,1021,1600,809,-1056,110000,227370000,100650000,11660000,29920000,146080000,112310000,176000000,88990000,-116160000,2022,11
2022-11-15,RANDOM LENGTH LUMBER,2387,33,1174,63,263,1562,13,4,5,14,34.3,40.8,47.6,55.1,1237,1825,1111,-1299,110000,262570000,129140000,6930000,28930000,171820000,136070000,200750000,122210000,-142890000,2022,11
2022-11-22,RANDOM LENGTH LUMBER,2364,34,1184,196,314,1455,13,7,6,13,36.0,40.6,50.1,53.6,1380,1769,988,-1141,110000,260040000,130240000,21560000,34540000,160050000,151800000,194590000,108680000,-125510000,2022,11
2022-11-29,RANDOM LENGTH LUMBER,2568,28,1195,123,301,1541,9,5,5,13,37.9,38.8,52.1,51.6,1318,1842,1072,-1240,110000,282480000,131450000,13530000,33110000,169510000,144980000,202620000,117920000,-136400000,2022,11
2022-12-06,RANDOM LENGTH LUMBER,2999,31,1296,185,298,1667,9,6,5,14,35.6,33.1,49.1,49.8,1481,1965,1111,-1369,110000,329890000,142560000,20350000,32780000,183370000,162910000,216150000,122210000,-150590000,2022,12
2022-12-13,RANDOM LENGTH LUMBER,2910,37,1258,299,373,1587,11,9,7,14,33.9,34.1,47.8,49.1,1557,1960,959,-1214,110000,320100000,138380000,32890000,41030000,174570000,171270000,215600000,105490000,-133540000,2022,12
2022-12-20,RANDOM LENGTH LUMBER,2942,39,1300,164,378,1844,13,10,7,15,33.4,35.4,45.2,51.9,1464,2222,1136,-1466,110000,323620000,143000000,18040000,41580000,202840000,161040000,244420000,124960000,-161260000,2022,12
2022-12-27,RANDOM LENGTH LUMBER,3090,41,1306,194,449,1895,14,9,7,16,29.8,33.1,42.9,50.2,1500,2344,1112,-1446,110000,339900000,143660000,21340000,49390000,208450000,165000000,257840000,122320000,-159060000,2022,12
2023-01-03,RANDOM LENGTH LUMBER,3061,36,1295,204,444,1857,12,7,6,15,31.3,33.7,43.6,49.8,1499,2301,1091,-1413,110000,336710000,142450000,22440000,48840000,204270000,164890000,253110000,120010000,-155430000,2023,1
2023-01-10,RANDOM LENGTH LUMBER,3182,44,1359,202,496,2077,12,7,7,20,31.0,34.4,42.9,51.2,1561,2573,1157,-1581,110000,350020000,149490000,22220000,54560000,228470000,171710000,283030000,127270000,-173910000,2023,1
2023-01-17,RANDOM LENGTH LUMBER,2826,44,1088,513,557,1356,12,12,9,16,32.3,30.2,43.8,43.3,1601,1913,575,-799,110000,310860000,119680000,56430000,61270000,149160000,176110000,210430000,63250000,-87890000,2023,1
2023-01-24,RANDOM LENGTH LUMBER,2556,45,1034,599,598,1056,14,14,11,13,33.6,29.1,44.0,42.6,1633,1654,435,-458,110000,281160000,113740000,65890000,65780000,116160000,179630000,181940000,47850000,-50380000,2023,1
2023-01-31,RANDOM LENGTH LUMBER,2304,39,758,829,684,720,11,15,9,12,37.8,28.7,48.1,41.4,1587,1404,-71,-36,110000,253440000,83380000,91190000,75240000,79200000,174570000,154440000,-7810000,-3960000,2023,1
2023-02-07,RANDOM LENGTH LUMBER,2098,35,666,1095,690,359,8,16,9,8,43.2,33.2,53.2,44.7,1761,1049,-429,331,110000,230780000,73260000,120450000,75900000,39490000,193710000,115390000,-47190000,36410000,2023,2
2023-02-14,RANDOM LENGTH LUMBER,1969,31,654,727,451,610,7,10,8,12,39.5,36.6,49.4,49.4,1381,1061,-73,-159,110000,216590000,71940000,79970000,49610000,67100000,151910000,116710000,-8030000,-17490000,2023,2
2023-02-21,LUMBER,1029,22,108,754,508,81,6,11,5,4,48.3,49.4,61.0,69.4,862,589,-646,427,27500,28297500,2970000,20735000,13970000,2227500,23705000,16197500,-17765000,11742500,2023,2
2023-02-21,RANDOM LENGTH LUMBER,2154,34,947,512,275,1121,10,7,7,14,33.3,33.3,43.1,51.3,1459,1396,435,-846,110000,236940000,104170000,56320000,30250000,123310000,160490000,153560000,47850000,-93060000,2023,2
2023-02-28,RANDOM LENGTH LUMBER,2272,31,1080,520,174,1333,9,7,4,15,37.2,38.5,48.8,59.4,1600,1507,560,-1159,110000,249920000,118800000,57200000,19140000,146630000,176000000,165770000,61600000,-127490000,2023,2
2023-03-07,RANDOM LENGTH LUMBER,1996,32,1062,245,164,1363,9,6,4,15,42.3,38.7,52.4,58.2,1307,1527,817,-1199,110000,219560000,116820000,26950000,18040000,149930000,143770000,167970000,89870000,-131890000,2023,3
2023-03-14,LUMBER,1502,20,201,1085,820,102,7,9,6,2,56.5,54.7,68.3,75.9,1286,922,-884,718,27500,41305000,5527500,29837500,22550000,2805000,35365000,25355000,-24310000,19745000,2023,3
2023-03-14,RANDOM LENGTH LUMBER,1863,32,1120,194,157,1243,9,4,5,15,49.3,35.1,58.2,55.2,1314,1400,926,-1086,110000,204930000,123200000,21340000,17270000,136730000,144540000,154000000,101860000,-119460000,2023,3
2023-03-21,LUMBER,1674,22,355,1244,842,142,8,10,8,2,51.8,59.4,66.6,79.6,1599,984,-889,700,27500,46035000,9762500,34210000,23155000,3905000,43972500,27060000,-24447500,19250000,2023,3
2023-03-21,RANDOM LENGTH LUMBER,1426,23,893,235,124,675,9,4,4,7,51.0,39.9,61.5,57.7,1128,799,658,-551,110000,156860000,98230000,25850000,13640000,74250000,124080000,87890000,72380000,-60610000,2023,3
2023-03-28,LUMBER,1839,20,547,1328,754,232,6,8,5,3,52.7,56.7,69.4,80.2,1875,986,-781,522,27500,50572500,15042500,36520000,20735000,6380000,51562500,27115000,-21477500,14355000,2023,3
2023-03-28,RANDOM LENGTH LUMBER,1592,27,963,242,90,864,10,4,3,11,46.2,35.7,56.8,54.7,1205,954,721,-774,110000,175120000,105930000,26620000,9900000,95040000,132550000,104940000,79310000,-85140000,2023,3
2023-04-04,LUMBER,2364,30,700,1330,920,575,7,8,7,7,45.1,44.8,60.3,65.6,2030,1495,-630,345,27500,65010000,19250000,36575000,25300000,15812500,55825000,41112500,-17325000,9487500,2023,4
2023-04-04,RANDOM LENGTH LUMBER,2045,30,1132,237,105,1357,11,4,3,13,40.3,35.1,50.2,57.5,1369,1462,895,-1252,110000,224950000,124520000,26070000,11550000,149270000,150590000,160820000,98450000,-137720000,2023,4
2023-04-11,LUMBER,2671,33,881,1471,967,701,8,9,9,8,46.5,44.0,58.8,64.2,2352,1668,-590,266,27500,73452500,24227500,40452500,26592500,19277500,64680000,45870000,-16225000,7315000,2023,4
2023-04-11,RANDOM LENGTH LUMBER,2093,31,1142,204,143,1515,11,3,3,15,40.6,34.5,52.2,57.5,1346,1658,938,-1372,110000,230230000,125620000,22440000,15730000,166650000,148060000,182380000,103180000,-150920000,2023,4
2023-04-18,LUMBER,3304,35,1450,1920,966,633,9,11,8,8,51.6,47.5,63.1,66.0,3370,1599,-470,333,27500,90860000,39875000,52800000,26565000,17407500,92675000,43972500,-12925000,9157500,2023,4
2023-04-18,RANDOM LENGTH LUMBER,1136,21,592,215,180,573,6,3,5,8,49.4,43.9,61.3,63.7,807,753,377,-393,110000,124960000,65120000,23650000,19800000,63030000,88770000,82830000,41470000,-43230000,2023,4
2023-04-25,LUMBER,3794,43,2009,2057,979,1236,12,14,8,10,55.6,42.3,65.1,64.0,4066,2215,-48,-257,27500,104335000,55247500,56567500,26922500,33990000,111815000,60912500,-1320000,-7067500,2023,4
2023-05-02,LUMBER,4487,53,2607,2130,1152,1724,13,17,12,15,57.3,37.9,66.6,55.1,4737,2876,477,-572,27500,123392500,71692500,58575000,31680000,47410000,130267500,79090000,13117500,-15730000,2023,5
2023-05-09,LUMBER,5325,53,3122,2434,1268,2378,14,16,13,18,54.7,37.3,64.8,53.8,5556,3646,688,-1110,27500,146437500,85855000,66935000,34870000,65395000,152790000,100265000,18920000,-30525000,2023,5
2023-05-16,LUMBER,5881,59,3416,2622,1399,2620,12,17,17,19,53.9,34.5,65.7,53.0,6038,4019,794,-1221,27500,161727500,93940000,72105000,38472500,72050000,166045000,110522500,21835000,-33577500,2023,5
2023-05-23,LUMBER,6135,64,3593,2681,1434,2732,13,18,20,20,51.5,33.9,64.6,51.2,6274,4166,912,-1298,27500,168712500,98807500,73727500,39435000,75130000,172535000,114565000,25080000,-35695000,2023,5
2023-05-30,LUMBER,6625,66,4028,2846,1339,2979,14,19,19,21,49.8,33.5,62.9,49.7,6874,4318,1182,-1640,27500,182187500,110770000,78265000,36822500,81922500,189035000,118745000,32505000,-45100000,2023,5
2023-06-06,LUMBER,7316,72,4426,3200,1344,3030,19,20,20,21,46.3,35.0,58.9,50.2,7626,4374,1226,-1686,27500,201190000,121715000,88000000,36960000,83325000,209715000,120285000,33715000,-46365000,2023,6
2023-06-13,LUMBER,7514,62,4514,3996,1418,2522,18,18,15,18,46.3,37.7,59.6,53.6,8510,3940,518,-1104,27500,206635000,124135000,109890000,38995000,69355000,234025000,108350000,14245000,-30360000,2023,6
2023-06-20,LUMBER,7396,57,4414,4314,1464,2249,20,17,12,16,46.7,40.0,59.5,56.0,8728,3713,100,-785,27500,203390000,121385000,118635000,40260000,61847500,240020000,102107500,2750000,-21587500,2023,6
2023-06-27,LUMBER,6768,61,3497,4351,1708,1382,19,21,15,15,43.2,40.3,57.0,55.7,7848,3090,-854,326,27500,186120000,96167500,119652500,46970000,38005000,215820000,84975000,-23485000,8965000,2023,6
2023-07-03,LUMBER,6479,65,3459,4147,1646,1455,23,21,13,16,44.7,39.3,58.8,53.8,7606,3101,-688,191,27500,178172500,95122500,114042500,45265000,40012500,209165000,85277500,-18920000,5252500,2023,7
2023-07-11,LUMBER,6233,66,3156,4448,1835,787,20,23,19,10,43.4,45.1,57.4,58.8,7604,2622,-1292,1048,27500,171407500,86790000,122320000,50462500,21642500,209110000,72105000,-35530000,28820000,2023,7
2023-07-18,LUMBER,5784,67,2661,4377,2058,568,17,22,22,10,45.4,46.2,56.5,59.9,7038,2626,-1716,1490,27500,159060000,73177500,120367500,56595000,15620000,193545000,72215000,-47190000,40975000,2023,7
2023-07-25,LUMBER,5869,63,2771,3927,1924,1038,18,17,17,12,45.4,44.5,55.4,57.1,6698,2962,-1156,886,27500,161397500,76202500,107992500,52910000,28545000,184195000,81455000,-31790000,24365000,2023,7
2023-08-01,LUMBER,6263,67,3075,3704,2020,1594,22,19,17,14,44.1,47.1,54.1,57.6,6779,3614,-629,426,27500,172232500,84562500,101860000,55550000,43835000,186422500,99385000,-17297500,11715000,2023,8
2023-08-08,LUMBER,7322,80,3703,3682,2132,2817,26,18,20,21,38.8,51.3,50.0,62.0,7385,4949,21,-685,27500,201355000,101832500,101255000,58630000,77467500,203087500,136097500,577500,-18837500,2023,8
2023-08-15,LUMBER,8203,84,4132,3262,2342,3719,28,14,20,27,35.9,49.0,47.1,60.3,7394,6061,870,-1377,27500,225582500,113630000,89705000,64405000,102272500,203335000,166677500,23925000,-37867500,2023,8
2023-08-22,LUMBER,7487,69,3811,3241,2261,3127,21,13,17,21,38.7,53.5,51.6,64.1,7052,5388,570,-866,27500,205892500,104802500,89127500,62177500,85992500,193930000,148170000,15675000,-23815000,2023,8
2023-08-29,LUMBER,7073,70,3734,3047,2137,3012,25,12,15,20,41.0,51.4,53.2,63.3,6781,5149,687,-875,27500,194507500,102685000,83792500,58767500,82830000,186477500,141597500,18892500,-24062500,2023,8
2023-09-05,LUMBER,7086,73,3676,2744,2276,3450,24,13,16,23,41.1,47.6,54.7,59.9,6420,5726,932,-1174,27500,194865000,101090000,75460000,62590000,94875000,176550000,157465000,25630000,-32285000,2023,9
2023-09-12,LUMBER,7273,74,3943,2288,2449,4280,22,12,18,26,40.3,43.2,56.6,58.4,6231,6729,1655,-1831,27500,200007500,108432500,62920000,67347500,117700000,171352500,185047500,45512500,-50352500,2023,9
2023-09-19,LUMBER,7054,75,3927,2007,2251,4461,24,12,16,27,41.7,39.6,58.2,55.6,5934,6712,1920,-2210,27500,193985000,107992500,55192500,61902500,122677500,163185000,184580000,52800000,-60775000,2023,9
2023-09-26,LUMBER,7446,82,4159,1896,2258,4758,25,13,18,30,40.1,36.1,55.7,51.5,6055,7016,2263,-2500,27500,204765000,114372500,52140000,62095000,130845000,166512500,192940000,62232500,-68750000,2023,9
2023-10-03,LUMBER,7836,84,4313,2213,2294,4479,27,14,19,31,39.1,38.7,55.9,53.2,6526,6773,2100,-2185,27500,215490000,118607500,60857500,63085000,123172500,179465000,186257500,57750000,-60087500,2023,10
2023-10-10,LUMBER,8306,86,4566,2457,2370,4733,30,17,19,30,37.1,36.8,54.7,50.4,7023,7103,2109,-2363,27500,228415000,125565000,67567500,65175000,130157500,193132500,195332500,57997500,-64982500,2023,10
2023-10-17,LUMBER,8200,85,4372,2787,2478,4222,27,17,20,29,37.4,39.0,56.0,51.8,7159,6700,1585,-1744,27500,225500000,120230000,76642500,68145000,116105000,196872500,184250000,43587500,-47960000,2023,10
2023-10-24,LUMBER,8922,90,5176,2534,2043,4941,30,15,17,33,33.8,34.4,50.9,47.3,7710,6984,2642,-2898,27500,245355000,142340000,69685000,56182500,135877500,212025000,192060000,72655000,-79695000,2023,10
2023-10-31,LUMBER,8972,87,5048,2325,2052,5110,34,14,16,30,33.3,32.7,49.3,47.4,7373,7162,2723,-3058,27500,246730000,138820000,63937500,56430000,140525000,202757500,196955000,74882500,-84095000,2023,10
2023-11-07,LUMBER,6968,73,3726,2186,1911,3635,26,15,15,24,42.3,38.2,58.0,51.9,5912,5546,1540,-1724,27500,191620000,102465000,60115000,52552500,99962500,162580000,152515000,42350000,-47410000,2023,11
2023-11-14,LUMBER,6082,72,3088,2963,2221,2178,21,18,15,24,45.6,31.3,61.6,45.9,6051,4399,125,43,27500,167255000,84920000,81482500,61077500,59895000,166402500,120972500,3437500,1182500,2023,11
2023-11-21,LUMBER,6315,81,2902,3617,2636,1764,17,21,18,26,43.6,33.7,61.6,44.7,6519,4400,-715,872,27500,173662500,79805000,99467500,72490000,48510000,179272500,121000000,-19662500,23980000,2023,11
2023-11-28,LUMBER,6493,79,2727,4280,2915,1210,17,24,19,20,40.0,39.2,58.0,49.7,7007,4125,-1553,1705,27500,178557500,74992500,117700000,80162500,33275000,192692500,113437500,-42707500,46887500,2023,11
2023-12-05,LUMBER,5744,67,2488,3576,2431,1093,18,19,15,17,42.5,43.5,58.6,53.8,6064,3524,-1088,1338,27500,157960000,68420000,98340000,66852500,30057500,166760000,96910000,-29920000,36795000,2023,12
2023-12-12,LUMBER,6346,72,2927,4395,2505,948,23,25,14,16,40.6,44.3,59.4,54.1,7322,3453,-1468,1557,27500,174515000,80492500,120862500,68887500,26070000,201355000,94957500,-40370000,42817500,2023,12
2023-12-19,LUMBER,7137,76,3023,5220,2986,818,26,25,19,17,36.5,42.0,54.4,53.4,8243,3804,-2197,2168,27500,196267500,83132500,143550000,82115000,22495000,226682500,104610000,-60417500,59620000,2023,12
2023-12-26,LUMBER,8392,87,3073,6636,3768,621,26,33,26,13,29.4,41.5,44.6,53.5,9709,4389,-3563,3147,27500,230780000,84507500,182490000,103620000,17077500,266997500,120697500,-97982500,86542500,2023,12
2024-01-02,LUMBER,8738,88,3193,7122,4139,580,26,32,28,14,29.6,43.6,45.9,56.5,10315,4719,-3929,3559,27500,240295000,87807500,195855000,113822500,15950000,283662500,129772500,-108047500,97872500,2024,1
2024-01-09,LUMBER,7796,82,2452,6207,4202,782,18,29,28,14,35.1,45.2,51.5,57.8,8659,4984,-3755,3420,27500,214390000,67430000,170692500,115555000,21505000,238122500,137060000,-103262500,94050000,2024,1
2024-01-16,LUMBER,7283,75,2671,5771,3748,795,18,25,25,8,36.7,47.3,55.9,60.4,8442,4543,-3100,2953,27500,200282500,73452500,158702500,103070000,21862500,232155000,124932500,-85250000,81207500,2024,1
2024-01-23,LUMBER,7196,75,3024,5403,3333,1060,17,24,21,12,40.1,47.7,58.3,60.2,8427,4393,-2379,2273,27500,197890000,83160000,148582500,91657500,29150000,231742500,120807500,-65422500,62507500,2024,1
2024-01-30,LUMBER,7817,79,2985,6396,4011,572,18,26,29,9,33.0,49.7,49.6,62.0,9381,4583,-3411,3439,27500,214967500,82087500,175890000,110302500,15730000,257977500,126032500,-93802500,94572500,2024,1
2024-02-06,LUMBER,7932,82,3175,5988,3839,1212,19,25,26,16,34.0,43.5,50.4,55.6,9163,5051,-2813,2627,27500,218130000,87312500,164670000,105572500,33330000,251982500,138902500,-77357500,72242500,2024,2
2024-02-13,LUMBER,8360,86,3643,5854,3828,1807,21,22,28,18,33.1,45.6,49.2,57.7,9497,5635,-2211,2021,27500,229900000,100182500,160985000,105270000,49692500,261167500,154962500,-60802500,55577500,2024,2
2024-02-20,LUMBER,8511,82,3840,6144,3584,1690,24,23,27,15,32.1,47.2,47.5,60.2,9984,5274,-2304,1894,27500,234052500,105600000,168960000,98560000,46475000,274560000,145035000,-63360000,52085000,2024,2
2024-02-27,LUMBER,8209,86,3447,6088,3666,1340,24,23,30,16,33.9,44.1,49.2,57.9,9535,5006,-2641,2326,27500,225747500,94792500,167420000,100815000,36850000,262212500,137665000,-72627500,63965000,2024,2
2024-03-05,LUMBER,8104,82,2511,6409,4317,865,21,24,29,14,29.2,44.9,43.0,58.7,8920,5182,-3898,3452,27500,222860000,69052500,176247500,118717500,23787500,245300000,142505000,-107195000,94930000,2024,3
2024-03-12,LUMBER,8920,91,2419,7200,5296,677,23,30,31,13,28.4,41.8,44.6,55.1,9619,5973,-4781,4619,27500,245300000,66522500,198000000,145640000,18617500,264522500,164257500,-131477500,127022500,2024,3
2024-03-19,LUMBER,9560,94,2215,7536,6072,723,21,34,32,10,30.4,40.4,46.4,53.2,9751,6795,-5321,5349,27500,262900000,60912500,207240000,166980000,19882500,268152500,186862500,-146327500,147097500,2024,3
2024-03-26,LUMBER,10016,98,2300,7896,6407,817,21,36,32,11,29.6,38.9,45.5,52.3,10196,7224,-5596,5590,27500,275440000,63250000,217140000,176192500,22467500,280390000,198660000,-153890000,153725000,2024,3
2024-04-02,LUMBER,8870,83,2526,6976,5509,824,21,28,32,7,32.2,43.4,48.6,56.7,9502,6333,-4450,4685,27500,243925000,69465000,191840000,151497500,22660000,261305000,174157500,-122375000,128837500,2024,4
2024-04-09,LUMBER,8097,78,2967,5534,4195,1553,23,23,25,14,34.5,42.5,51.2,54.7,8501,5748,-2567,2642,27500,222667500,81592500,152185000,115362500,42707500,233777500,158070000,-70592500,72655000,2024,4
2024-04-16,LUMBER,8538,95,4003,4427,3502,3056,29,26,21,31,32.1,32.3,47.1,43.9,8430,6558,-424,446,27500,234795000,110082500,121742500,96305000,84040000,231825000,180345000,-11660000,12265000,2024,4
2024-04-23,LUMBER,9954,111,5049,3295,3352,5430,36,23,28,38,26.5,29.2,40.3,42.3,8344,8782,1754,-2078,27500,273735000,138847500,90612500,92180000,149325000,229460000,241505000,48235000,-57145000,2024,4
2024-04-30,LUMBER,10328,110,5676,3069,3306,6020,37,22,29,35,29.9,30.2,42.8,44.7,8745,9326,2607,-2714,27500,284020000,156090000,84397500,90915000,165550000,240487500,256465000,71692500,-74635000,2024,4
2024-05-07,LUMBER,9976,105,5560,2621,3290,6450,32,21,28,38,33.3,33.9,48.2,49.0,8181,9740,2939,-3160,27500,274340000,152900000,72077500,90475000,177375000,224977500,267850000,80822500,-86900000,2024,5
2024-05-14,LUMBER,9817,104,5651,2388,3128,6498,34,21,25,39,34.6,29.8,50.1,45.6,8039,9626,3263,-3370,27500,269967500,155402500,65670000,86020000,178695000,221072500,264715000,89732500,-92675000,2024,5
2024-05-21,LUMBER,9799,106,5565,2213,3086,6679,33,23,23,42,34.6,26.4,50.6,42.3,7778,9765,3352,-3593,27500,269472500,153037500,60857500,84865000,183672500,213895000,268537500,92180000,-98807500,2024,5
2024-05-28,LUMBER,9643,104,5403,2249,3118,6378,30,20,23,42,33.7,26.6,50.2,43.2,7652,9496,3154,-3260,27500,265182500,148582500,61847500,85745000,175395000,210430000,261140000,86735000,-89650000,2024,5
2024-06-04,LUMBER,11387,112,6575,2622,2925,7039,36,21,21,45,32.5,22.3,45.8,37.6,9197,9964,3953,-4114,27500,313142500,180812500,72105000,80437500,193572500,252917500,274010000,108707500,-113135000,2024,6
2024-06-11,LUMBER,11644,111,7099,2905,2608,6963,38,23,18,43,30.7,23.4,46.4,39.9,10004,9571,4194,-4355,27500,320210000,195222500,79887500,71720000,191482500,275110000,263202500,115335000,-119762500,2024,6
2024-06-18,LUMBER,11661,113,7163,3017,2765,7189,40,21,17,43,33.2,23.9,47.9,39.7,10180,9954,4146,-4424,27500,320677500,196982500,82967500,76037500,197697500,279950000,273735000,114015000,-121660000,2024,6
2024-06-25,LUMBER,11206,101,6838,2509,2809,7513,37,14,18,43,36.1,23.4,50.5,40.0,9347,10322,4329,-4704,27500,308165000,188045000,68997500,77247500,206607500,257042500,283855000,119047500,-129360000,2024,6
2024-07-02,LUMBER,10698,102,6520,2574,3013,7194,36,17,19,41,39.1,22.9,56.5,40.0,9094,10207,3946,-4181,27500,294195000,179300000,70785000,82857500,197835000,250085000,280692500,108515000,-114977500,2024,7
2024-07-09,LUMBER,10434,100,6913,2432,2389,7147,35,16,17,40,42.9,21.7,59.9,39.3,9345,9536,4481,-4758,27500,286935000,190107500,66880000,65697500,196542500,256987500,262240000,123227500,-130845000,2024,7
2024-07-16,LUMBER,10597,105,7105,1933,2399,7627,34,15,20,43,45.6,21.4,61.6,37.4,9038,10026,5172,-5228,27500,291417500,195387500,53157500,65972500,209742500,248545000,275715000,142230000,-143770000,2024,7
2024-07-23,LUMBER,9962,98,6475,2668,2335,6268,28,19,18,39,47.5,22.1,62.4,37.0,9143,8603,3807,-3933,27500,273955000,178062500,73370000,64212500,172370000,251432500,236582500,104692500,-108157500,2024,7
2024-07-30,LUMBER,9973,96,6335,2915,2341,5913,29,19,19,36,47.5,20.9,62.0,37.0,9250,8254,3420,-3572,27500,274257500,174212500,80162500,64377500,162607500,254375000,226985000,94050000,-98230000,2024,7
2024-08-06,LUMBER,10242,98,6053,3279,2526,5492,29,20,20,36,46.2,20.0,59.3,37.2,9332,8018,2774,-2966,27500,281655000,166457500,90172500,69465000,151030000,256630000,220495000,76285000,-81565000,2024,8
2024-08-13,LUMBER,9499,93,5775,3605,2132,4575,29,23,16,37,45.8,21.6,60.6,38.6,9380,6707,2170,-2443,27500,261222500,158812500,99137500,58630000,125812500,257950000,184442500,59675000,-67182500,2024,8
2024-08-20,LUMBER,8879,92,5538,3743,2120,3937,30,22,15,37,48.3,24.6,64.9,40.3,9281,6057,1795,-1817,27500,244172500,152295000,102932500,58300000,108267500,255227500,166567500,49362500,-49967500,2024,8
2024-08-27,LUMBER,9508,89,5987,3414,1992,4485,29,23,16,34,46.4,22.0,62.6,36.2,9401,6477,2573,-2493,27500,261470000,164642500,93885000,54780000,123337500,258527500,178117500,70757500,-68557500,2024,8
2024-09-03,LUMBER,9077,90,6068,3338,1975,4648,29,23,13,36,49.1,23.5,66.2,38.4,9406,6623,2730,-2673,27500,249617500,166870000,91795000,54312500,127820000,258665000,182132500,75075000,-73507500,2024,9
2024-09-10,LUMBER,8645,85,5560,2381,2052,5039,23,18,13,36,51.8,24.1,69.7,38.6,7941,7091,3179,-2987,27500,237737500,152900000,65477500,56430000,138572500,218377500,195002500,87422500,-82142500,2024,9
2024-09-17,LUMBER,8392,81,5362,2094,2231,5244,19,13,15,37,53.7,24.2,72.5,42.5,7456,7475,3268,-3013,27500,230780000,147455000,57585000,61352500,144210000,205040000,205562500,89870000,-82857500,2024,9
2024-09-24,LUMBER,8257,84,5050,2896,2266,4304,16,19,14,38,54.2,23.4,72.2,37.7,7946,6570,2154,-2038,27500,227067500,138875000,79640000,62315000,118360000,218515000,180675000,59235000,-56045000,2024,9
2024-10-01,LUMBER,8506,87,5202,3667,2197,3536,21,25,17,32,51.8,22.5,69.5,36.7,8869,5733,1535,-1339,27500,233915000,143055000,100842500,60417500,97240000,243897500,157657500,42212500,-36822500,2024,10
2024-10-08,LUMBER,9029,93,5276,4164,2441,3467,21,28,18,32,48.4,21.9,67.7,37.0,9440,5908,1112,-1026,27500,248297500,145090000,114510000,67127500,95342500,259600000,162470000,30580000,-28215000,2024,10
2024-10-15,LUMBER,8534,92,4771,3879,2335,3488,21,27,15,36,48.1,23.0,67.8,38.6,8650,5823,892,-1153,27500,234685000,131202500,106672500,64212500,95920000,237875000,160132500,24530000,-31707500,2024,10
2024-10-22,LUMBER,8197,92,5067,3325,1951,3846,26,24,14,38,53.1,22.3,68.8,37.9,8392,5797,1742,-1895,27500,225417500,139342500,91437500,53652500,105765000,230780000,159417500,47905000,-52112500,2024,10
2024-10-29,LUMBER,7478,88,4433,2948,1995,3757,23,23,17,32,49.6,23.9,64.7,41.1,7381,5752,1485,-1762,27500,205645000,121907500,81070000,54862500,103317500,202977500,158180000,40837500,-48455000,2024,10
2024-11-05,LUMBER,6381,79,3135,4203,2074,1563,20,26,18,23,40.6,29.4,54.9,47.6,7338,3637,-1068,511,27500,175477500,86212500,115582500,57035000,42982500,201795000,100017500,-29370000,14052500,2024,11
2024-11-12,LUMBER,6597,85,2422,4663,3126,1280,17,31,23,20,34.5,27.5,50.0,45.3,7085,4406,-2241,1846,27500,181417500,66605000,128232500,85965000,35200000,194837500,121165000,-61627500,50765000,2024,11
2024-11-19,LUMBER,7182,85,2063,5140,3980,1287,14,30,25,21,37.3,28.7,54.7,45.5,7203,5267,-3077,2693,27500,197505000,56732500,141350000,109450000,35392500,198082500,144842500,-84617500,74057500,2024,11
2024-11-26,LUMBER,7058,81,2200,4819,3855,1411,16,31,25,17,40.8,29.6,58.5,45.6,7019,5266,-2619,2444,27500,194095000,60500000,132522500,106012500,38802500,193022500,144815000,-72022500,67210000,2024,11
2024-12-03,LUMBER,7119,80,2131,5025,3891,1222,13,30,27,13,40.2,33.4,57.0,49.9,7156,5113,-2894,2669,27500,195772500,58602500,138187500,107002500,33605000,196790000,140607500,-79585000,73397500,2024,12
2024-12-10,LUMBER,6411,73,2531,3686,2845,1641,18,22,23,17,37.6,34.9,52.7,50.1,6217,4486,-1155,1204,27500,176302500,69602500,101365000,78237500,45127500,170967500,123365000,-31762500,33110000,2024,12
2024-12-17,LUMBER,7157,88,4287,2881,1791,3276,27,22,19,34,33.7,27.6,49.7,41.8,7168,5067,1406,-1485,27500,196817500,117892500,79227500,49252500,90090000,197120000,139342500,38665000,-40837500,2024,12
2024-12-24,LUMBER,6766,80,4075,2616,1810,3454,24,22,15,29,36.8,28.7,54.0,45.7,6691,5264,1459,-1644,27500,186065000,112062500,71940000,49775000,94985000,184002500,144760000,40122500,-45210000,2024,12
2024-12-31,LUMBER,6344,72,4026,2096,1461,3513,22,18,12,27,41.0,28.8,59.0,46.5,6122,4974,1930,-2052,27500,174460000,110715000,57640000,40177500,96607500,168355000,136785000,53075000,-56430000,2024,12
2025-01-07,LUMBER,6986,81,4398,1620,1545,4724,26,17,14,32,37.2,31.1,52.7,47.0,6018,6269,2778,-3179,27500,192115000,120945000,44550000,42487500,129910000,165495000,172397500,76395000,-87422500,2025,1
2025-01-14,LUMBER,6406,79,3731,1974,1822,3835,29,20,15,29,41.5,32.9,56.4,50.0,5705,5657,1757,-2013,27500,176165000,102602500,54285000,50105000,105462500,156887500,155567500,48317500,-55357500,2025,1
2025-01-21,LUMBER,5953,75,3374,1638,1725,3753,23,18,12,29,44.8,34.1,59.6,51.3,5012,5478,1736,-2028,27500,163707500,92785000,45045000,47437500,103207500,137830000,150645000,47740000,-55770000,2025,1
2025-01-28,LUMBER,6905,79,4044,930,1590,5089,24,12,16,35,39.6,29.9,53.0,48.2,4974,6679,3114,-3499,27500,189887500,111210000,25575000,43725000,139947500,136785000,183672500,85635000,-96222500,2025,1
2025-02-04,LUMBER,6853,75,3858,1856,1630,4094,23,15,14,29,39.0,28.9,53.0,45.7,5714,5724,2002,-2464,27500,188457500,106095000,51040000,44825000,112585000,157135000,157410000,55055000,-67760000,2025,2
2025-02-11,LUMBER,6786,77,3744,2236,1754,3616,22,20,13,30,39.6,25.8,57.0,40.9,5980,5370,1508,-1862,27500,186615000,102960000,61490000,48235000,99440000,164450000,147675000,41470000,-51205000,2025,2
2025-02-18,LUMBER,6049,71,2946,2653,1887,2325,19,23,14,20,42.4,29.2,56.7,44.1,5599,4212,293,-438,27500,166347500,81015000,72957500,51892500,63937500,153972500,115830000,8057500,-12045000,2025,2
2025-02-25,LUMBER,6188,68,2515,3199,2020,1848,18,21,17,15,35.3,32.8,47.2,46.8,5714,3868,-684,172,27500,170170000,69162500,87972500,55550000,50820000,157135000,106370000,-18810000,4730000,2025,2
2025-03-04,LUMBER,7043,79,2282,4529,3049,1261,16,27,29,13,29.5,36.0,44.4,50.8,6811,4310,-2247,1788,27500,193682500,62755000,124547500,83847500,34677500,187302500,118525000,-61792500,49170000,2025,3
2025-03-11,LUMBER,6886,79,2262,4589,2957,1126,21,27,28,13,31.3,37.2,47.6,50.6,6851,4083,-2327,1831,27500,189365000,62205000,126197500,81317500,30965000,188402500,112282500,-63992500,50352500,2025,3
2025-03-18,LUMBER,7001,79,2211,4684,3091,988,18,27,30,12,31.5,35.1,48.8,49.3,6895,4079,-2473,2103,27500,192527500,60802500,128810000,85002500,27170000,189612500,112172500,-68007500,57832500,2025,3
2025-03-25,LUMBER,7454,87,2326,4999,3265,1006,20,30,32,14,30.0,33.3,47.2,47.4,7325,4271,-2673,2259,27500,204985000,63965000,137472500,89787500,27665000,201437500,117452500,-73507500,62122500,2025,3
2025-04-01,LUMBER,7416,80,2508,5223,3308,1024,19,29,28,12,31.0,36.5,48.7,51.5,7731,4332,-2715,2284,27500,203940000,68970000,143632500,90970000,28160000,212602500,119130000,-74662500,62810000,2025,4
2025-04-08,LUMBER,6246,68,3294,3619,1774,1540,26,23,17,14,35.2,37.4,50.9,51.9,6913,3314,-325,234,27500,171765000,90585000,99522500,48785000,42350000,190107500,91135000,-8937500,6435000,2025,4
2025-04-15,LUMBER,6146,64,3834,3437,1075,1766,27,21,10,18,38.3,38.4,54.4,51.7,7271,2841,397,-691,27500,169015000,105435000,94517500,29562500,48565000,199952500,78127500,10917500,-19002500,2025,4
2025-04-22,LUMBER,6623,73,4104,3405,1152,2011,28,23,11,23,36.9,33.4,54.4,47.0,7509,3163,699,-859,27500,182132500,112860000,93637500,31680000,55302500,206497500,86982500,19222500,-23622500,2025,4
2025-04-29,LUMBER,6561,76,4013,2854,1114,2472,32,19,11,25,36.5,33.0,55.3,46.8,6867,3586,1159,-1358,27500,180427500,110357500,78485000,30635000,67980000,188842500,98615000,31872500,-37345000,2025,4
2025-05-06,LUMBER,7259,82,4380,2747,1391,3330,31,23,11,31,39.8,27.9,56.7,41.5,7127,4721,1633,-1939,27500,199622500,120450000,75542500,38252500,91575000,195992500,129827500,44907500,-53322500,2025,5
2025-05-13,LUMBER,7796,81,4925,2573,1624,4332,25,21,15,30,40.4,31.1,60.2,48.7,7498,5956,2352,-2708,27500,214390000,135437500,70757500,44660000,119130000,206195000,163790000,64680000,-74470000,2025,5
2025-05-20,LUMBER,7734,78,4751,2693,1923,4202,22,18,13,30,43.4,31.0,64.0,50.6,7444,6125,2058,-2279,27500,212685000,130652500,74057500,52882500,115555000,204710000,168437500,56595000,-62672500,2025,5
2025-05-27,LUMBER,7989,79,4905,2818,2075,4189,24,18,14,30,43.9,30.3,64.6,48.6,7723,6264,2087,-2114,27500,219697500,134887500,77495000,57062500,115197500,212382500,172260000,57392500,-58135000,2025,5
2025-06-03,LUMBER,8532,84,5010,3131,2236,4295,25,19,15,31,42.1,29.0,61.5,48.6,8141,6531,1879,-2059,27500,234630000,137775000,86102500,61490000,118112500,223877500,179602500,51672500,-56622500,2025,6
2025-06-10,LUMBER,8520,86,4806,3564,2486,3920,30,25,15,29,42.8,29.2,57.6,47.6,8370,6406,1242,-1434,27500,234300000,132165000,98010000,68365000,107800000,230175000,176165000,34155000,-39435000,2025,6
2025-06-17,LUMBER,8034,78,3903,4523,2746,2351,23,28,16,20,43.3,32.3,58.8,45.2,8426,5097,-620,395,27500,220935000,107332500,124382500,75515000,64652500,231715000,140167500,-17050000,10862500,2025,6
2025-06-24,LUMBER,7422,74,3630,4638,2717,1886,18,26,14,23,46.8,36.1,63.6,49.2,8268,4603,-1008,831,27500,204105000,99825000,127545000,74717500,51865000,227370000,126582500,-27720000,22852500,2025,6
2025-07-01,LUMBER,7155,65,3148,5215,2807,1197,19,24,17,13,44.5,43.6,61.9,58.3,8363,4004,-2067,1610,27500,196762500,86570000,143412500,77192500,32917500,229982500,110110000,-56842500,44275000,2025,7
2025-07-08,LUMBER,7069,64,2592,4835,3375,1520,18,23,15,16,42.9,40.6,60.5,54.8,7427,4895,-2243,1855,27500,194397500,71280000,132962500,92812500,41800000,204242500,134612500,-61682500,51012500,2025,7
2025-07-15,LUMBER,7330,69,2651,5095,3682,1560,23,24,17,18,40.0,36.2,58.1,50.5,7746,5242,-2444,2122,27500,201575000,72902500,140112500,101255000,42900000,213015000,144155000,-67210000,58355000,2025,7
2025-07-22,LUMBER,7789,69,2737,5703,4092,1378,17,25,19,17,41.0,37.2,59.6,50.6,8440,5470,-2966,2714,27500,214197500,75267500,156832500,112530000,37895000,232100000,150425000,-81565000,74635000,2025,7
2025-07-29,LUMBER,8460,76,2837,6296,4327,1394,19,29,22,16,38.5,38.1,56.2,50.8,9133,5721,-3459,2933,27500,232650000,78017500,173140000,118992500,38335000,251157500,157327500,-95122500,80657500,2025,7
2025-08-05,LUMBER,9233,77,3043,7397,4966,946,16,33,24,11,38.1,35.6,55.1,48.7,10440,5912,-4354,4020,27500,253907500,83682500,203417500,136565000,26015000,287100000,162580000,-119735000,110550000,2025,8
2025-08-12,LUMBER,7429,68,3392,5409,3161,1162,17,31,19,9,39.9,39.7,58.4,52.6,8801,4323,-2017,1999,27500,204297500,93280000,148747500,86927500,31955000,242027500,118882500,-55467500,54972500,2025,8
2025-08-19,LUMBER,6722,68,4239,3842,1581,1998,24,22,9,22,42.8,37.8,60.1,48.9,8081,3579,397,-417,27500,184855000,116572500,105655000,43477500,54945000,222227500,98422500,10917500,-11467500,2025,8
2025-08-26,LUMBER,7250,70,4604,3457,1534,2746,21,22,9,28,40.8,32.7,60.1,44.2,8061,4280,1147,-1212,27500,199375000,126610000,95067500,42185000,75515000,221677500,117700000,31542500,-33330000,2025,8
2025-09-02,LUMBER,7783,75,5488,3626,1273,3296,27,20,10,29,40.0,37.2,61.7,48.1,9114,4569,1862,-2023,27500,214032500,150920000,99715000,35007500,90640000,250635000,125647500,51205000,-55632500,2025,9
2025-09-09,LUMBER,8164,74,5674,3480,1368,3820,23,19,11,30,39.7,37.3,61.0,48.8,9154,5188,2194,-2452,27500,224510000,156035000,95700000,37620000,105050000,251735000,142670000,60335000,-67430000,2025,9
2025-09-16,LUMBER,8243,77,5689,3042,1413,4349,26,19,12,28,40.1,38.2,59.3,53.0,8731,5762,2647,-2936,27500,226682500,156447500,83655000,38857500,119597500,240102500,158455000,72792500,-80740000,2025,9
2025-09-23,LUMBER,8800,78,6110,2959,1585,4895,27,19,12,29,38.4,35.5,58.1,51.1,9069,6480,3151,-3310,27500,242000000,168025000,81372500,43587500,134612500,249397500,178200000,86652500,-91025000,2025,9
2025-09-30,LUMBER,9405,82,6522,3365,1698,5113,25,18,13,31,37.9,36.4,57.3,51.6,9887,6811,3157,-3415,27500,258637500,179355000,92537500,46695000,140607500,271892500,187302500,86817500,-93912500,2025,9
2025-10-07,LUMBER,9578,80,6684,3932,1659,4590,27,22,11,28,37.9,34.6,56.1,49.2,10616,6249,2752,-2931,27500,263395000,183810000,108130000,45622500,126225000,291940000,171847500,75680000,-80602500,2025,10
2025-10-14,LUMBER,9646,78,6507,4023,1708,4454,26,20,11,29,38.4,34.0,55.6,47.6,10530,6162,2484,-2746,27500,265265000,178942500,110632500,46970000,122485000,289575000,169455000,68310000,-75515000,2025,10
2025-10-21,LUMBER,8843,75,5936,4257,1727,3510,24,20,13,27,40.6,33.0,59.1,45.2,10193,5237,1679,-1783,27500,243182500,163240000,117067500,47492500,96525000,280307500,144017500,46172500,-49032500,2025,10
2025-10-28,LUMBER,8290,73,5577,2858,1496,4239,23,12,13,31,37.0,38.1,57.4,50.6,8435,5735,2719,-2743,27500,227975000,153367500,78595000,41140000,116572500,231962500,157712500,74772500,-75432500,2025,10
2025-11-04,LUMBER,9010,81,6118,2850,1474,5158,26,16,13,36,35.6,38.5,55.5,53.0,8968,6632,3268,-3684,27500,247775000,168245000,78375000,40535000,141845000,246620000,182380000,89870000,-101310000,2025,11
2025-11-10,LUMBER,9409,81,6686,2899,1466,5472,29,16,11,32,39.1,37.7,57.3,53.2,9585,6938,3787,-4006,27500,258747500,183865000,79722500,40315000,150480000,263587500,190795000,104142500,-110165000,2025,11
2025-11-18,LUMBER,8721,78,6416,2129,1248,5535,27,16,11,30,44.1,31.6,60.3,48.9,8545,6783,4287,-4287,27500,239827500,176440000,58547500,34320000,152212500,234987500,186532500,117892500,-117892500,2025,11
2025-11-25,LUMBER,9287,84,6972,2200,1242,6015,30,16,11,35,43.1,30.4,59.5,46.1,9172,7257,4772,-4773,27500,255392500,191730000,60500000,34155000,165412500,252230000,199567500,131230000,-131257500,2025,11
2025-12-02,LUMBER,10184,91,7589,2688,1356,6319,31,18,15,37,40.6,28.3,56.5,43.8,10277,7675,4901,-4963,27500,280060000,208697500,73920000,37290000,173772500,282617500,211062500,134777500,-136482500,2025,12
2025-12-09,LUMBER,10600,92,8042,3094,1269,6312,33,21,12,37,39.8,27.4,56.0,42.8,11136,7581,4948,-5043,27500,291500000,221155000,85085000,34897500,173580000,306240000,208477500,136070000,-138682500,2025,12
2025-12-16,LUMBER,10916,91,8392,3895,1271,5877,32,25,11,36,37.8,28.2,58.5,44.0,12287,7148,4497,-4606,27500,300190000,230780000,107112500,34952500,161617500,337892500,196570000,123667500,-126665000,2025,12
2025-12-23,LUMBER,10110,87,7665,3380,1402,5729,29,24,11,34,38.8,30.9,60.0,47.0,11045,7131,4285,-4327,27500,278025000,210787500,92950000,38555000,157547500,303737500,196102500,117837500,-118992500,2025,12
2025-12-30,LUMBER,9932,85,7423,3132,1439,5819,28,21,14,32,38.8,31.9,59.8,48.7,10555,7258,4291,-4380,27500,273130000,204132500,86130000,39572500,160022500,290262500,199595000,118002500,-120450000,2025,12
2026-01-06,LUMBER,10022,87,7552,2685,1493,6435,29,20,14,35,38.3,32.5,60.0,49.6,10237,7928,4867,-4942,27500,275605000,207680000,73837500,41057500,176962500,281517500,218020000,133842500,-135905000,2026,1
2026-01-13,LUMBER,10099,96,7547,2386,1738,6993,31,17,20,38,38.9,32.3,61.4,51.2,9933,8731,5161,-5255,27500,277722500,207542500,65615000,47795000,192307500,273157500,240102500,141927500,-144512500,2026,1
2026-01-20,LUMBER,9045,89,5651,2689,2422,5583,26,20,19,33,36.8,32.8,54.0,47.8,8340,8005,2962,-3161,27500,248737500,155402500,73947500,66605000,153532500,229350000,220137500,81455000,-86927500,2026,1
2026-01-27,LUMBER,8001,83,4894,2445,2266,4819,19,21,16,34,37.6,32.2,55.8,47.4,7339,7085,2449,-2553,27500,220027500,134585000,67237500,62315000,132522500,201822500,194837500,67347500,-70207500,2026,1
2026-02-03,LUMBER,8686,93,5473,2789,2171,4934,25,27,18,35,34.0,28.9,52.1,44.3,8262,7105,2684,-2763,27500,238865000,150507500,76697500,59702500,135685000,227205000,195387500,73810000,-75982500,2026,2
2026-02-10,LUMBER,8956,94,5599,2959,2193,5064,26,28,20,34,32.9,28.4,51.4,42.2,8558,7257,2640,-2871,27500,246290000,153972500,81372500,60307500,139260000,235345000,199567500,72600000,-78952500,2026,2
2026-02-17,LUMBER,8868,84,5529,2694,2003,5011,24,25,16,31,32.9,28.6,52.4,42.0,8223,7014,2835,-3008,27500,243870000,152047500,74085000,55082500,137802500,226132500,192885000,77962500,-82720000,2026,2
2026-02-24,LUMBER,9142,85,6438,2079,1573,5988,25,19,13,36,35.5,29.3,56.0,44.9,8517,7561,4359,-4415,27500,251405000,177045000,57172500,43257500,164670000,234217500,207927500,119872500,-121412500,2026,2
2026-03-03,LUMBER,10323,89,7667,1966,1679,7564,30,15,12,41,36.1,32.2,56.8,50.0,9633,9243,5701,-5885,27500,283882500,210842500,54065000,46172500,208010000,264907500,254182500,156777500,-161837500,2026,3
2026-03-10,LUMBER,10482,90,7623,1925,2007,7883,29,12,16,41,39.8,33.3,58.4,51.4,9548,9890,5698,-5876,27500,288255000,209632500,52937500,55192500,216782500,262570000,271975000,156695000,-161590000,2026,3
2026-03-17,LUMBER,9590,83,6729,1869,1935,7147,26,11,15,36,40.4,35.9,57.2,54.5,8598,9082,4860,-5212,27500,263725000,185047500,51397500,53212500,196542500,236445000,249755000,133650000,-143330000,2026,3
2026-03-24,LUMBER,8991,80,6499,1827,1752,6435,27,11,15,33,40.8,34.2,59.0,53.1,8326,8187,4672,-4683,27500,247252500,178722500,50242500,48180000,176962500,228965000,225142500,128480000,-128782500,2026,3
2026-03-31,LUMBER,9074,79,6236,2362,1926,5940,23,16,15,31,42.6,34.2,60.5,53.8,8598,7866,3874,-4014,27500,249535000,171490000,64955000,52965000,163350000,236445000,216315000,106535000,-110385000,2026,3
2026-04-07,LUMBER,9957,85,7157,2334,1781,6615,27,17,14,36,39.4,31.3,56.8,49.2,9491,8396,4823,-4834,27500,273817500,196817500,64185000,48977500,181912500,261002500,230890000,132632500,-132935000,2026,4
2026-04-14,LUMBER,10343,85,7661,2317,1651,6942,27,16,14,38,39.8,31.2,57.9,49.0,9978,8593,5344,-5291,27500,284432500,210677500,63717500,45402500,190905000,274395000,236307500,146960000,-145502500,2026,4
2026-04-21,LUMBER,10188,87,7606,2311,1600,6854,28,17,14,39,39.4,32.4,57.6,50.8,9917,8454,5295,-5254,27500,280170000,209165000,63552500,44000000,188485000,272717500,232485000,145612500,-144485000,2026,4
2026-04-28,LUMBER,10260,86,7650,2074,1585,7212,27,16,13,40,40.8,32.4,60.1,48.9,9724,8797,5576,-5627,27500,282150000,210375000,57035000,43587500,198330000,267410000,241917500,153340000,-154742500,2026,4
2026-05-05,LUMBER,9741,83,7120,1966,1664,6930,23,13,12,41,45.5,34.2,63.2,52.2,9086,8594,5154,-5266,27500,267877500,195800000,54065000,45760000,190575000,249865000,236335000,141735000,-144815000,2026,5
2026-05-12,LUMBER,9348,75,6826,1824,1666,6745,20,8,12,39,47.5,36.2,65.8,54.8,8650,8411,5002,-5079,27500,257070000,187715000,50160000,45815000,185487500,237875000,231302500,137555000,-139672500,2026,5
2026-05-19,LUMBER,9115,73,6405,1848,1849,6546,18,11,12,37,46.2,37.3,64.0,55.9,8253,8395,4557,-4697,27500,250662500,176137500,50820000,50847500,180015000,226957500,230862500,125317500,-129167500,2026,5
2026-05-26,LUMBER,9248,78,6512,1901,1910,6549,21,11,14,37,46.3,36.7,63.0,55.1,8413,8459,4611,-4639,27500,254320000,179080000,52277500,52525000,180097500,231357500,232622500,126802500,-127572500,2026,5
2026-06-02,LUMBER,9718,84,6780,2305,1924,6571,23,14,17,38,43.5,35.0,59.3,52.6,9085,8495,4475,-4647,27500,267245000,186450000,63387500,52910000,180702500,249837500,233612500,123062500,-127792500,2026,6
2026-06-09,LUMBER,9251,85,5362,2844,2764,5544,20,14,23,31,39.1,36.7,54.8,54.2,8206,8308,2518,-2780,27500,254402500,147455000,78210000,76010000,152460000,225665000,228470000,69245000,-76450000,2026,6
2026-06-16,LUMBER,7574,75,3134,3776,3180,2851,15,16,23,25,34.0,34.4,48.0,52.9,6910,6031,-642,329,27500,208285000,86185000,103840000,87450000,78402500,190025000,165852500,-17655000,9047500,2026,6
2026-06-23,LUMBER,7066,70,2686,4226,3253,1895,11,16,21,22,30.8,39.1,47.3,57.6,6912,5148,-1540,1358,27500,194315000,73865000,116215000,89457500,52112500,190080000,141570000,-42350000,37345000,2026,6
2026-06-30,LUMBER,6753,71,2948,3843,2888,2302,18,16,19,25,31.5,42.2,48.6,58.1,6791,5190,-895,586,27500,185707500,81070000,105682500,79420000,63305000,186752500,142725000,-24612500,16115000,2026,6
2026-07-07,LUMBER,6632,68,2694,3784,2897,2291,14,16,20,22,31.3,42.7,48.0,59.2,6478,5188,-1090,606,27500,182380000,74085000,104060000,79667500,63002500,178145000,142670000,-29975000,16665000,2026,7
2026-07-14,LUMBER,6096,58,2091,3715,3169,1934,11,14,19,17,28.4,46.7,47.6,65.8,5806,5103,-1624,1235,27500,167640000,57502500,102162500,87147500,53185000,159665000,140332500,-44660000,33962500,2026,7
2026-07-21,LUMBER,6938,65,2392,4372,3493,1939,14,14,23,17,30.3,47.1,49.5,65.5,6764,5432,-1980,1554,27500,190795000,65780000,120230000,96057500,53322500,186010000,149380000,-54450000,42735000,2026,7
